Name,Dist,RA,DEC,RA_Corner1,DEC_Corner1,RA_Corner2,DEC_Corner2,RA_Corner3,DEC_Corner3,RA_Corner4,DEC_Corner4
skycell.0705.003,9.229838877641894,319.59077271859513,-31.809131984969,319.8086199456971,-32.026770878733004,319.8086199456971,-31.591423646759,319.3729254914931,-31.591423646759,319.3729254914931,-32.026770878733004
skycell.0705.004,9.232487598927719,319.18841159847113,-31.809131984969,319.4062588255731,-32.026770878733004,319.4062588255731,-31.591423646759,318.9705643713691,-31.591423646759,318.9705643713691,-32.026770878733004
