Name,Dist,RA,DEC,RA_Corner1,DEC_Corner1,RA_Corner2,DEC_Corner2,RA_Corner3,DEC_Corner3,RA_Corner4,DEC_Corner4
skycell.0705.004,9.232620679105864,319.2238281762979,-31.808312490995544,319.4811395678149,-32.0249694307396,319.4789384767482,-31.590142886762468,318.9677357879854,-31.59108247907681,318.96764802976134,-32.02592462098678
